Username,password
10,9000428511
439,9966662626
827,9849956996
878,9966633603
1277,9966733444
1479,9908174471
1553,9848046823
1901,9440307606
1920,9989041679
1974,9949720555
2649,9908587853
2919,9441096177
2937,9440477917
3346,9912137423
3880,9441217634
3895,9573975571
4092,9441057797
4277,9666966077
4788,9848224369
4795,9963375823
4868,8500103040
5254,8328156958
5257,8374942274
5849,9600435701
5956,9171080929
6126,9030409956
6199,9444144167
6229,9442309983
6295,6294570330
6307,9000007723
6332,9448872986
6442,8838011951
6482,9000084878
6641,9494484604
6869,8307817609
6911,9843470063
7060,9800965529
7122,8179384111
7264,9052527937
7281,9603040061
7300,9486273418
7346,9849281374
7398,9441345914
7511,8575197777
7602,7286982222
7761,9143487777
7864,9885251575
7941,9441413974
7949,9440446847
7969,8639445781
7989,7005358708
8016,9885938477
8063,9959110038
8068,9848464061
8094,9384161159
8105,9393110375
8106,9398458788
8118,9751351351
8121,9440669164
8138,9640820968
8145,9618445946
8150,9550539449
8215,9948176949
8242,9110568736
8244,8179721355
8245,9963667453
8247,7799223366
8248,6281636851
8270,7075749534
8310,9441327823
8317,9640931144
8334,7989998370
8337,7702162515
8400,9398618178
8409,7893833706
8410,8519927217
8412,7780960007
8434,9948322371
8492,8374675936
8740,8008622076
8762,6299987598
8789,9542246263
8795,9550393293
8822,9488089812
8852,9441756003
9053,9440723235
9071,9450410534
9083,7989745627
9102,9894334400
9138,9573641003
9511,9948791055
9517,8885895487
9519,9912155717
9527,9440136977
9538,8500180366
9561,9398598726
9570,9849868823
9620,9989688847
9624,9398934353
9626,8977722499
9698,9493237732
9699,9676601597
9702,7310746924
9713,9853436964
9724,9563304631
9726,8686467284
9765,7008264445
9915,9861150435
9963,9490899339
10037,9966078588
8054,7660862469